-- Data
INSERT INTO `status_promo` (`STATUS`) VALUES ('AVAIABLE');
INSERT INTO `status_promo` (`STATUS`) VALUES ('PAUSED');
INSERT INTO `status_promo` (`STATUS`) VALUES ('NOT AVAIABLE');

INSERT INTO `emblems` (`EMBLEM`) VALUES ('NEW');
INSERT INTO `emblems` (`EMBLEM`) VALUES ('WORN');

INSERT INTO all_products (PROD_NAME, IMAGE_FILE, PRICE, PROMO_STATUS, PROMO_PRICE, EMBLEM)
VALUES ('VESTIDO TRICOT CHEVRON', 'image.png', '49', 'NOT AVAIABLE', '39', 'NEW');
INSERT INTO all_products (PROD_NAME, IMAGE_FILE, PRICE, PROMO_STATUS, PROMO_PRICE, EMBLEM)
VALUES ('VESTIDO MOLETOM COM CAPUZ MESCLA', 'image1.png', '99', 'AVAIABLE', '89', 'NEW');
INSERT INTO all_products (PROD_NAME, IMAGE_FILE, PRICE, PROMO_STATUS, PROMO_PRICE, EMBLEM)
VALUES ('VESTIDO CURTO MANGA LONGA LUREX', 'image2.png', '89', 'NOT AVAIABLE', '79', 'NEW');
INSERT INTO all_products (PROD_NAME, IMAGE_FILE, PRICE, PROMO_STATUS, PROMO_PRICE, EMBLEM)
VALUES ('VESTIDO FEMININO CANELADO', 'image3.png', '39', 'PAUSED', '29', 'WORN');
INSERT INTO all_products (PROD_NAME, IMAGE_FILE, PRICE, PROMO_STATUS, PROMO_PRICE, EMBLEM)
VALUES ('VESTIDO REGATA FEMININO COM GOLA', 'image4.png', '49', 'AVAIABLE', '39', 'NEW');

INSERT INTO sizes (ID_PROD, SIZE) VALUES (1 ,'M');
INSERT INTO sizes (ID_PROD, SIZE) VALUES (2 ,'P');
INSERT INTO sizes (ID_PROD, SIZE) VALUES (3 ,'G');
INSERT INTO sizes (ID_PROD, SIZE) VALUES (4 ,'GG');
INSERT INTO sizes (ID_PROD, SIZE) VALUES (5 ,'M');
INSERT INTO sizes (ID_PROD, SIZE) VALUES (6 ,'PP');

INSERT INTO tags (ID_PROD, TAG) VALUES (1 ,'balada');
INSERT INTO tags (ID_PROD, TAG) VALUES (2 ,'casual');
INSERT INTO tags (ID_PROD, TAG) VALUES (3 ,'colorido');
INSERT INTO tags (ID_PROD, TAG) VALUES (4 ,'workwear');
INSERT INTO tags (ID_PROD, TAG) VALUES (5 ,'moderno');
INSERT INTO tags (ID_PROD, TAG) VALUES (6 ,'casual');